season,player,pfr_id,tm,age,pos,g,gs,att,yds,td,x1d,ybc,ybc_att,yac,yac_att,brk_tkl,att_br,loaded
2022,Derrick Henry,HenrDe00,TEN,28.0,RB,16.0,16.0,349.0,1538.0,13.0,65.0,739.0,2.1,799.0,2.3,35.0,10.0,2023-08-28
2022,Josh Jacobs,JacoJo01,LV,24.0,RB,17.0,17.0,340.0,1653.0,12.0,93.0,832.0,2.4,821.0,2.4,31.0,11.0,2023-08-28
2022,Nick Chubb,ChubNi00,CLE,27.0,RB,17.0,17.0,302.0,1525.0,12.0,69.0,830.0,2.7,695.0,2.3,28.0,10.8,2023-08-28
2022,Saquon Barkley,BarkSa00,NYG,25.0,RB,16.0,16.0,295.0,1312.0,10.0,62.0,749.0,2.5,563.0,1.9,12.0,24.6,2023-08-28
2022,Najee Harris,HarrNa00,PIT,24.0,RB,17.0,17.0,272.0,1034.0,7.0,45.0,577.0,2.1,457.0,1.7,21.0,13.0,2023-08-28
2022,Dalvin Cook,CookDa01,MIN,27.0,RB,17.0,17.0,264.0,1173.0,8.0,50.0,692.0,2.6,481.0,1.8,12.0,22.0,2023-08-28
2022,Jamaal Williams,WillJa06,DET,27.0,RB,17.0,9.0,262.0,1066.0,17.0,65.0,626.0,2.4,440.0,1.7,13.0,20.2,2023-08-28
2022,Miles Sanders,SandMi01,PHI,25.0,RB,17.0,15.0,259.0,1269.0,11.0,62.0,837.0,3.2,432.0,1.7,13.0,19.9,2023-08-28
2022,Christian McCaffrey,McCaCh01,2TM,26.0,RB,17.0,16.0,244.0,1139.0,8.0,59.0,683.0,2.8,456.0,1.9,10.0,24.4,2023-08-28
2022,Ezekiel Elliott,ElliEz00,DAL,27.0,RB,15.0,14.0,231.0,876.0,12.0,52.0,520.0,2.3,356.0,1.5,9.0,25.7,2023-08-28
2022,Kenneth Walker,WalkKe00,SEA,22.0,RB,15.0,11.0,228.0,1050.0,9.0,51.0,623.0,2.7,427.0,1.9,12.0,19.0,2023-08-28
2022,Alvin Kamara,KamaAl00,NO,27.0,RB,15.0,13.0,223.0,897.0,2.0,40.0,450.0,2.0,447.0,2.0,7.0,31.9,2023-08-28
2022,Travis Etienne,EtieTr00,JAX,23.0,RB,17.0,12.0,220.0,1125.0,5.0,52.0,738.0,3.4,387.0,1.8,14.0,15.7,2023-08-28
2022,Dameon Pierce,PierDa01,HOU,22.0,RB,13.0,13.0,220.0,939.0,4.0,54.0,433.0,2.0,506.0,2.3,27.0,8.1,2023-08-28
2022,Aaron Jones,JoneAa00,GB,28.0,RB,17.0,17.0,213.0,1121.0,2.0,54.0,645.0,3.0,476.0,2.2,13.0,16.4,2023-08-28
2022,Tyler Allgeier,AllgTy00,ATL,22.0,RB,16.0,7.0,210.0,1035.0,3.0,53.0,609.0,2.9,426.0,2.0,5.0,42.0,2023-08-28
2022,Joe Mixon,MixoJo00,CIN,26.0,RB,14.0,14.0,210.0,814.0,7.0,47.0,505.0,2.4,309.0,1.5,8.0,26.3,2023-08-28
2022,Rhamondre Stevenson,StevRh00,NE,24.0,RB,17.0,7.0,210.0,1040.0,5.0,49.0,601.0,2.9,439.0,2.1,24.0,8.8,2023-08-28
2022,Brian Robinson,RobiBr01,WAS,23.0,RB,12.0,9.0,205.0,797.0,2.0,49.0,457.0,2.2,340.0,1.7,8.0,25.6,2023-08-28
2022,Austin Ekeler,EkelAu00,LAC,27.0,RB,17.0,17.0,204.0,915.0,13.0,46.0,529.0,2.6,386.0,1.9,5.0,40.8,2023-08-28
2022,DOnta Foreman,ForeDO00,CAR,26.0,RB,17.0,9.0,203.0,914.0,5.0,45.0,505.0,2.5,409.0,2.0,10.0,20.3,2023-08-28
2022,David Montgomery,MontDa01,CHI,25.0,RB,16.0,16.0,201.0,801.0,5.0,41.0,405.0,2.0,396.0,2.0,20.0,10.1,2023-08-28
2022,Tony Pollard,PollTo00,DAL,25.0,RB,16.0,4.0,193.0,1007.0,9.0,46.0,504.0,2.6,503.0,2.6,11.0,17.5,2023-08-28
2022,Jonathan Taylor,TaylJo02,IND,23.0,RB,11.0,11.0,192.0,861.0,4.0,39.0,481.0,2.5,380.0,2.0,24.0,8.0,2023-08-28
2022,Leonard Fournette,FourLe00,TB,27.0,RB,16.0,9.0,189.0,668.0,3.0,39.0,382.0,2.0,286.0,1.5,4.0,47.3,2023-08-28
2022,Cam Akers,AkerCa00,LA,23.0,RB,15.0,9.0,188.0,786.0,7.0,39.0,379.0,2.0,407.0,2.2,13.0,14.5,2023-08-28
2022,AJ Dillon,DillAJ00,GB,24.0,RB,17.0,3.0,186.0,770.0,7.0,47.0,453.0,2.4,317.0,1.7,6.0,31.0,2023-08-28
2022,James Conner,ConnJa00,ARI,27.0,RB,13.0,13.0,183.0,782.0,7.0,48.0,444.0,2.4,338.0,1.8,5.0,36.6,2023-08-28
2022,Raheem Mostert,MostRa00,MIA,30.0,RB,16.0,14.0,181.0,891.0,3.0,44.0,512.0,2.8,379.0,2.1,16.0,11.3,2023-08-28
2022,Devin Singletary,SingDe00,BUF,25.0,RB,16.0,16.0,177.0,819.0,5.0,43.0,546.0,3.1,273.0,1.5,9.0,19.7,2023-08-28
2022,Jeff Wilson,WilsJe01,2TM,27.0,RB,16.0,7.0,176.0,860.0,5.0,43.0,582.0,3.3,278.0,1.6,9.0,19.6,2023-08-28
2022,Latavius Murray,MurrLa00,2TM,32.0,RB,13.0,7.0,171.0,760.0,6.0,44.0,478.0,2.8,282.0,1.6,5.0,34.2,2023-08-28
2022,Isiah Pacheco,PachIs00,KC,23.0,RB,17.0,11.0,170.0,830.0,5.0,37.0,537.0,3.2,293.0,1.7,4.0,42.5,2023-08-28
2022,Jalen Hurts,HurtJa00,PHI,24.0,QB,15.0,15.0,165.0,760.0,13.0,67.0,627.0,3.8,133.0,0.8,8.0,20.6,2023-08-28
2022,Justin Fields,FielJu00,CHI,23.0,QB,15.0,15.0,160.0,1143.0,8.0,65.0,856.0,5.4,287.0,1.8,10.0,16.0,2023-08-28
2022,Antonio Gibson,GibsAn00,WAS,24.0,RB,15.0,6.0,149.0,546.0,3.0,32.0,326.0,2.2,220.0,1.5,5.0,29.8,2023-08-28
2022,Cordarrelle Patterson,PattCo00,ATL,31.0,RB,13.0,11.0,144.0,695.0,8.0,39.0,414.0,2.9,281.0,2.0,4.0,36.0,2023-08-28
2022,Khalil Herbert,HerbKh00,CHI,24.0,RB,13.0,1.0,129.0,731.0,4.0,26.0,404.0,3.1,327.0,2.5,9.0,14.3,2023-08-28
2022,Rachaad White,WhitRa01,TB,23.0,RB,17.0,8.0,129.0,481.0,1.0,27.0,315.0,2.4,166.0,1.3,4.0,32.3,2023-08-28
2022,Josh Allen,AlleJo02,BUF,26.0,QB,16.0,16.0,124.0,762.0,7.0,55.0,592.0,4.8,170.0,1.4,5.0,24.8,2023-08-28
2022,Kareem Hunt,HuntKa00,CLE,27.0,RB,17.0,0.0,123.0,468.0,3.0,30.0,233.0,1.9,235.0,1.9,6.0,20.5,2023-08-28
2022,Daniel Jones,JoneDa05,NYG,25.0,QB,16.0,16.0,120.0,708.0,7.0,57.0,562.0,4.7,146.0,1.2,2.0,60.0,2023-08-28
2022,Michael Carter,CartMi03,NYJ,23.0,RB,16.0,10.0,114.0,402.0,3.0,14.0,270.0,2.4,132.0,1.2,7.0,16.3,2023-08-28
2022,Lamar Jackson,JackLa00,BAL,25.0,QB,12.0,12.0,112.0,764.0,3.0,47.0,542.0,4.8,222.0,2.0,14.0,8.0,2023-08-28
2022,James Robinson,RobiJa00,2TM,24.0,RB,11.0,5.0,110.0,425.0,3.0,22.0,288.0,2.6,137.0,1.2,6.0,18.3,2023-08-28
2022,Kenyan Drake,DrakKe00,BAL,28.0,RB,12.0,5.0,109.0,482.0,4.0,21.0,355.0,3.3,127.0,1.2,0.0,,2023-08-28
2022,Damien Harris,HarrDa06,NE,25.0,RB,11.0,9.0,106.0,462.0,3.0,23.0,304.0,2.9,158.0,1.5,5.0,21.2,2023-08-28
2022,DAndre Swift,SwifDA00,DET,23.0,RB,14.0,8.0,99.0,542.0,5.0,21.0,369.0,3.7,173.0,1.7,5.0,19.8,2023-08-28
2022,Taysom Hill,HillTa00,NO,32.0,TE,16.0,8.0,96.0,575.0,7.0,34.0,354.0,3.7,221.0,2.3,1.0,96.0,2023-08-28
2022,Chuba Hubbard,HubbCh01,CAR,23.0,RB,15.0,2.0,95.0,466.0,2.0,23.0,295.0,3.1,171.0,1.8,4.0,23.8,2023-08-28
2022,Samaje Perine,PeriSa00,CIN,27.0,RB,16.0,2.0,95.0,394.0,2.0,19.0,232.0,2.4,162.0,1.7,5.0,19.0,2023-08-28
2022,Zack Moss,MossZa00,2TM,25.0,RB,13.0,3.0,93.0,456.0,1.0,18.0,263.0,2.8,193.0,2.1,8.0,11.6,2023-08-28
2022,JK Dobbins,DobbJK00,BAL,24.0,RB,8.0,8.0,92.0,520.0,2.0,26.0,319.0,3.5,201.0,2.2,9.0,10.2,2023-08-28
2022,Melvin Gordon,GordMe00,DEN,29.0,RB,10.0,6.0,90.0,318.0,2.0,15.0,168.0,1.9,150.0,1.7,5.0,18.0,2023-08-28
2022,James Cook,CookJa01,BUF,23.0,RB,16.0,0.0,89.0,507.0,2.0,25.0,329.0,3.7,178.0,2.0,3.0,29.7,2023-08-28
2022,Gus Edwards,EdwaGu00,BAL,27.0,RB,9.0,4.0,87.0,433.0,3.0,30.0,248.0,2.9,185.0,2.1,6.0,14.5,2023-08-28
2022,Zonovan Knight,KnigZo00,NYJ,21.0,RB,7.0,4.0,85.0,300.0,1.0,14.0,214.0,2.5,86.0,1.0,2.0,42.5,2023-08-28
2022,Marcus Mariota,MariMa01,ATL,29.0,QB,13.0,13.0,85.0,438.0,4.0,30.0,333.0,3.9,105.0,1.2,1.0,85.0,2023-08-28
2022,Breece Hall,HallBr03,NYJ,21.0,RB,7.0,2.0,80.0,463.0,4.0,20.0,332.0,4.2,131.0,1.6,3.0,26.7,2023-08-28
2022,Eno Benjamin,BenjEn00,3TM,23.0,,15.0,3.0,77.0,313.0,2.0,14.0,160.0,2.1,153.0,2.0,7.0,11.0,2023-08-28
2022,Jaylen Warren,WarrJa01,PIT,24.0,RB,16.0,0.0,77.0,379.0,1.0,20.0,242.0,3.1,137.0,1.8,5.0,15.4,2023-08-28
2022,Caleb Huntley,HuntCa02,ATL,24.0,RB,12.0,0.0,76.0,366.0,1.0,18.0,219.0,2.9,147.0,1.9,0.0,,2023-08-28
2022,Joe Burrow,BurrJo01,CIN,26.0,QB,16.0,16.0,75.0,257.0,5.0,28.0,220.0,2.9,37.0,0.5,0.0,,2023-08-28
2022,Alexander Mattison,MattAl01,MIN,24.0,RB,17.0,0.0,74.0,283.0,5.0,21.0,171.0,2.3,112.0,1.5,6.0,12.3,2023-08-28
2022,Jerick McKinnon,McKiJe00,KC,30.0,RB,17.0,0.0,72.0,291.0,1.0,12.0,180.0,2.5,111.0,1.5,6.0,12.0,2023-08-28
2022,Clyde Edwards-Helaire,EdwaCl00,KC,23.0,RB,10.0,6.0,71.0,302.0,3.0,15.0,134.0,1.9,168.0,2.4,3.0,23.7,2023-08-28
2022,Darrell Henderson,HendDa00,LA,25.0,RB,10.0,7.0,70.0,283.0,3.0,14.0,185.0,2.6,98.0,1.4,2.0,35.0,2023-08-28
2022,Joshua Kelley,KellJo01,LAC,25.0,RB,13.0,1.0,69.0,287.0,2.0,16.0,165.0,2.4,122.0,1.8,4.0,17.3,2023-08-28
2022,Chase Edmonds,EdmoCh00,2TM,26.0,RB,13.0,3.0,68.0,245.0,2.0,8.0,154.0,2.3,91.0,1.3,0.0,,2023-08-28
2022,Deon Jackson,JackDe02,IND,23.0,RB,16.0,2.0,68.0,236.0,1.0,13.0,136.0,2.0,100.0,1.5,1.0,68.0,2023-08-28
2022,Geno Smith,SmitGe00,SEA,32.0,QB,17.0,17.0,68.0,366.0,1.0,24.0,326.0,4.8,40.0,0.6,2.0,34.0,2023-08-28
2022,Kyler Murray,MurrKy00,ARI,25.0,QB,11.0,11.0,67.0,418.0,3.0,23.0,395.0,5.9,23.0,0.3,2.0,33.5,2023-08-28
2022,Mark Ingram,IngrMa01,NO,33.0,RB,10.0,3.0,62.0,233.0,1.0,12.0,139.0,2.2,94.0,1.5,4.0,15.5,2023-08-28
2022,Trevor Lawrence,LawrTr00,JAX,23.0,QB,17.0,17.0,62.0,291.0,5.0,27.0,255.0,4.1,36.0,0.6,3.0,20.7,2023-08-28
2022,Patrick Mahomes,MahoPa00,KC,27.0,QB,17.0,17.0,61.0,358.0,4.0,25.0,345.0,5.7,13.0,0.2,0.0,,2023-08-28
2022,Rashaad Penny,PennRa00,SEA,26.0,RB,5.0,5.0,57.0,346.0,2.0,15.0,169.0,3.0,177.0,3.1,2.0,28.5,2023-08-28
2022,Kenny Pickett,PickKe00,PIT,24.0,QB,13.0,12.0,55.0,237.0,3.0,23.0,207.0,3.8,30.0,0.5,0.0,,2023-08-28
2022,Russell Wilson,WilsRu00,DEN,34.0,QB,15.0,15.0,55.0,277.0,3.0,21.0,256.0,4.7,21.0,0.4,0.0,,2023-08-28
2022,Matt Breida,BreiMa00,NYG,27.0,RB,17.0,1.0,54.0,220.0,1.0,13.0,151.0,2.8,69.0,1.3,2.0,27.0,2023-08-28
2022,Justin Herbert,HerbJu00,LAC,24.0,QB,17.0,17.0,54.0,147.0,0.0,17.0,138.0,2.6,9.0,0.2,0.0,,2023-08-28
2022,Boston Scott,ScotBo02,PHI,27.0,RB,15.0,2.0,54.0,217.0,3.0,12.0,170.0,3.1,47.0,0.9,2.0,27.0,2023-08-28
2022,Kenneth Gainwell,GainKe00,PHI,23.0,RB,17.0,0.0,53.0,240.0,4.0,17.0,169.0,3.2,71.0,1.3,2.0,26.5,2023-08-28
2022,Jacoby Brissett,BrisJa00,CLE,30.0,QB,16.0,11.0,49.0,243.0,2.0,28.0,170.0,3.5,73.0,1.5,2.0,24.5,2023-08-28
2022,Justice Hill,HillJu00,BAL,25.0,RB,15.0,0.0,49.0,262.0,0.0,15.0,176.0,3.6,86.0,1.8,7.0,7.0,2023-08-28
2022,Mac Jones,JoneMa05,NE,24.0,QB,14.0,14.0,47.0,102.0,1.0,12.0,91.0,1.9,11.0,0.2,0.0,,2023-08-28
2022,Javonte Williams,WillJa10,DEN,22.0,RB,4.0,4.0,47.0,204.0,0.0,9.0,94.0,2.0,110.0,2.3,6.0,7.8,2023-08-28
2022,JaMycal Hasty,HastJa02,JAX,26.0,RB,17.0,0.0,46.0,194.0,2.0,7.0,145.0,3.2,49.0,1.1,5.0,9.2,2023-08-28
2022,Elijah Mitchell,MitcEl00,SF,24.0,RB,5.0,1.0,45.0,279.0,2.0,15.0,170.0,3.8,109.0,2.4,2.0,22.5,2023-08-28
2022,Dak Prescott,PresDa01,DAL,29.0,QB,12.0,12.0,45.0,182.0,1.0,19.0,132.0,2.9,50.0,1.1,1.0,45.0,2023-08-28
2022,Tyler Huntley,HuntTy01,BAL,24.0,QB,6.0,4.0,43.0,137.0,1.0,12.0,132.0,3.1,5.0,0.1,0.0,,2023-08-28
2022,Jordan Mason,MasoJo00,SF,23.0,RB,16.0,0.0,43.0,258.0,1.0,10.0,123.0,2.9,135.0,3.1,3.0,14.3,2023-08-28
2022,Justin Jackson,JackJu01,DET,26.0,RB,16.0,0.0,42.0,170.0,1.0,8.0,90.0,2.1,80.0,1.9,3.0,14.0,2023-08-28
2022,Dare Ogunbowale,OgunDa00,HOU,28.0,RB,17.0,4.0,42.0,123.0,1.0,10.0,87.0,2.1,36.0,0.9,0.0,,2023-08-28
2022,Deebo Samuel,SamuDe00,SF,26.0,WR,13.0,12.0,42.0,232.0,3.0,8.0,127.0,3.0,105.0,2.5,3.0,14.0,2023-08-28
2022,Royce Freeman,FreeRo00,HOU,26.0,RB,4.0,1.0,41.0,117.0,0.0,7.0,92.0,2.2,25.0,0.6,2.0,20.5,2023-08-28
2022,Malik Davis,DaviMa02,DAL,24.0,RB,12.0,0.0,38.0,161.0,1.0,6.0,119.0,3.1,42.0,1.1,2.0,19.0,2023-08-28
2022,Curtis Samuel,SamuCu00,WAS,26.0,WR,17.0,12.0,38.0,187.0,1.0,11.0,121.0,3.2,66.0,1.7,1.0,38.0,2023-08-28
2022,Jonathan Williams,WillJo07,WAS,28.0,RB,13.0,2.0,37.0,152.0,0.0,6.0,62.0,1.7,90.0,2.4,1.0,37.0,2023-08-28
2022,Sony Michel,MichSo00,LAC,27.0,RB,10.0,0.0,36.0,106.0,0.0,8.0,42.0,1.2,64.0,1.8,3.0,12.0,2023-08-28
2022,Deshaun Watson,WatsDe00,CLE,27.0,QB,6.0,6.0,36.0,175.0,1.0,10.0,140.0,3.9,35.0,1.0,0.0,,2023-08-28
2022,DeeJay Dallas,DallDe00,SEA,24.0,RB,15.0,0.0,35.0,186.0,0.0,9.0,131.0,3.7,55.0,1.6,3.0,11.7,2023-08-28
2022,Kyren Williams,WillKy02,LA,22.0,RB,10.0,0.0,35.0,139.0,0.0,6.0,80.0,2.3,59.0,1.7,0.0,,2023-08-28
2022,Tyrion Davis-Price,DaviTy03,SF,22.0,RB,6.0,0.0,34.0,99.0,0.0,5.0,46.0,1.4,53.0,1.6,2.0,17.0,2023-08-28
2022,Aaron Rodgers,RodgAa00,GB,39.0,QB,17.0,17.0,34.0,94.0,1.0,9.0,82.0,2.4,12.0,0.4,0.0,,2023-08-28
2022,Ryan Tannehill,TannRy00,TEN,34.0,QB,12.0,12.0,34.0,98.0,2.0,12.0,77.0,2.3,21.0,0.6,1.0,34.0,2023-08-28
2022,Davis Mills,MillDa02,HOU,24.0,QB,15.0,15.0,32.0,108.0,2.0,8.0,107.0,3.3,1.0,0.0,0.0,,2023-08-28
2022,Gary Brightwell,BrigGa00,NYG,23.0,RB,17.0,0.0,31.0,141.0,1.0,9.0,82.0,2.6,59.0,1.9,1.0,31.0,2023-08-28
2022,Kirk Cousins,CousKi00,MIN,34.0,QB,17.0,17.0,31.0,97.0,2.0,11.0,66.0,2.1,31.0,1.0,0.0,,2023-08-28
2022,Baker Mayfield,MayfBa00,2TM,27.0,,12.0,10.0,31.0,89.0,1.0,7.0,70.0,2.3,19.0,0.6,1.0,31.0,2023-08-28
2022,Andy Dalton,DaltAn00,NO,35.0,QB,14.0,14.0,30.0,54.0,0.0,6.0,45.0,1.5,9.0,0.3,0.0,,2023-08-28
2022,Ty Johnson,JohnTy02,NYJ,25.0,RB,17.0,1.0,30.0,160.0,1.0,5.0,72.0,2.4,88.0,2.9,7.0,4.3,2023-08-28
2022,Tom Brady,BradTo00,TB,45.0,QB,17.0,17.0,29.0,-1.0,1.0,5.0,-6.0,-0.2,5.0,0.2,0.0,,2023-08-28
2022,Jared Goff,GoffJa00,DET,28.0,QB,17.0,17.0,29.0,73.0,0.0,5.0,67.0,2.3,6.0,0.2,0.0,,2023-08-28
2022,Taylor Heinicke,HeinTa00,WAS,29.0,QB,9.0,9.0,28.0,96.0,1.0,6.0,71.0,2.5,25.0,0.9,1.0,28.0,2023-08-28
2022,Zach Wilson,WilsZa00,NYJ,23.0,QB,9.0,9.0,28.0,102.0,1.0,7.0,98.0,3.5,4.0,0.1,0.0,,2023-08-28
2022,Keaontay Ingram,IngrKe01,ARI,23.0,RB,12.0,0.0,27.0,60.0,1.0,4.0,24.0,0.9,36.0,1.3,0.0,,2023-08-28
2022,Matt Ryan,RyanMa00,IND,37.0,QB,12.0,12.0,27.0,70.0,1.0,9.0,59.0,2.2,11.0,0.4,0.0,,2023-08-28
2022,Malik Willis,WillMa12,TEN,23.0,QB,8.0,3.0,27.0,123.0,1.0,8.0,89.0,3.3,34.0,1.3,3.0,9.0,2023-08-28
2022,Rex Burkhead,BurkRe00,HOU,32.0,RB,16.0,0.0,26.0,80.0,0.0,4.0,49.0,1.9,31.0,1.2,2.0,13.0,2023-08-28
2022,Sam Darnold,DarnSa00,CAR,25.0,QB,6.0,6.0,26.0,106.0,2.0,10.0,82.0,3.2,24.0,0.9,0.0,,2023-08-28
2022,Hassan Haskins,HaskHa00,TEN,23.0,RB,15.0,1.0,25.0,93.0,0.0,5.0,31.0,1.2,62.0,2.5,2.0,12.5,2023-08-28
2022,Mike Boone,BoonMi00,DEN,27.0,RB,9.0,0.0,24.0,102.0,0.0,6.0,69.0,2.9,33.0,1.4,3.0,8.0,2023-08-28
2022,Derek Carr,CarrDe02,LV,31.0,QB,15.0,15.0,24.0,102.0,0.0,10.0,90.0,3.8,12.0,0.5,0.0,,2023-08-28
2022,Trestan Ebner,EbneTr00,CHI,23.0,RB,17.0,0.0,24.0,54.0,0.0,2.0,24.0,1.0,30.0,1.3,1.0,24.0,2023-08-28
2022,Nyheim Hines,HineNy00,2TM,26.0,RB,16.0,5.0,24.0,33.0,1.0,2.0,24.0,1.0,9.0,0.4,0.0,,2023-08-28
2022,Raheem Blackshear,BlacRa00,CAR,23.0,RB,13.0,1.0,23.0,77.0,3.0,7.0,38.0,1.7,39.0,1.7,1.0,23.0,2023-08-28
2022,Jimmy Garoppolo,GaroJi00,SF,31.0,QB,11.0,10.0,23.0,33.0,2.0,12.0,14.0,0.6,19.0,0.8,0.0,,2023-08-28
2022,Craig Reynolds,ReynCr00,DET,26.0,RB,9.0,0.0,23.0,102.0,0.0,4.0,68.0,3.0,34.0,1.5,0.0,,2023-08-28
2022,Tua Tagovailoa,TagoTu00,MIA,24.0,QB,13.0,13.0,23.0,70.0,0.0,4.0,61.0,2.7,9.0,0.4,0.0,,2023-08-28
2022,Dontrell Hilliard,HillDo00,TEN,27.0,RB,12.0,1.0,22.0,145.0,0.0,4.0,109.0,5.0,36.0,1.6,0.0,,2023-08-28
2022,JD McKissic,McKiJ.00,WAS,29.0,RB,8.0,0.0,22.0,95.0,0.0,5.0,64.0,2.9,31.0,1.4,1.0,22.0,2023-08-28
2022,Brock Purdy,PurdBr00,SF,23.0,QB,9.0,5.0,22.0,13.0,1.0,5.0,6.0,0.3,7.0,0.3,0.0,,2023-08-28
2022,Carson Wentz,WentCa00,WAS,30.0,QB,8.0,7.0,22.0,86.0,1.0,4.0,65.0,3.0,21.0,1.0,1.0,22.0,2023-08-28
2022,Avery Williams,WillAv02,ATL,24.0,RB,17.0,3.0,22.0,109.0,1.0,6.0,83.0,3.8,26.0,1.2,0.0,,2023-08-28
2022,Darrel Williams,WillDa10,ARI,27.0,RB,6.0,0.0,21.0,102.0,1.0,8.0,78.0,3.7,24.0,1.1,0.0,,2023-08-28
2022,Jeff Driskel,DrisJe00,HOU,29.0,QB,7.0,2.0,20.0,75.0,0.0,4.0,50.0,2.5,25.0,1.3,1.0,20.0,2023-08-28
2022,Benny Snell,SnelBe00,PIT,24.0,RB,17.0,0.0,20.0,90.0,1.0,6.0,54.0,2.7,36.0,1.8,0.0,,2023-08-28
2022,Travis Homer,HomeTr00,SEA,24.0,RB,10.0,1.0,19.0,74.0,0.0,4.0,42.0,2.2,32.0,1.7,1.0,19.0,2023-08-28
2022,Bryce Perkins,PerkBr02,LA,26.0,QB,5.0,1.0,19.0,90.0,0.0,6.0,53.0,2.8,37.0,1.9,0.0,,2023-08-28
2022,Mitchell Trubisky,TrubMi00,PIT,28.0,QB,7.0,5.0,19.0,38.0,2.0,7.0,23.0,1.2,15.0,0.8,1.0,19.0,2023-08-28
2022,Malcolm Brown,BrowMa03,LA,29.0,RB,11.0,0.0,18.0,81.0,1.0,3.0,62.0,3.4,19.0,1.1,2.0,9.0,2023-08-28
2022,Kevin Harris,HarrKe01,NE,22.0,RB,5.0,1.0,18.0,52.0,1.0,3.0,29.0,1.6,23.0,1.3,3.0,6.0,2023-08-28
2022,Isaiah Spiller,SpilIs00,LAC,21.0,RB,6.0,0.0,18.0,41.0,0.0,2.0,17.0,0.9,24.0,1.3,0.0,,2023-08-28
2022,Brandon Bolden,BoldBr00,LV,32.0,RB,16.0,0.0,17.0,66.0,0.0,3.0,50.0,2.9,16.0,0.9,0.0,,2023-08-28
2022,Sam Ehlinger,EhliSa00,IND,24.0,QB,4.0,3.0,17.0,87.0,0.0,5.0,80.0,4.7,7.0,0.4,0.0,,2023-08-28
2022,Ronald Jones,JoneRo01,KC,25.0,RB,6.0,0.0,17.0,70.0,1.0,4.0,47.0,2.8,23.0,1.4,1.0,17.0,2023-08-28
2022,Jaret Patterson,PattJa01,WAS,23.0,RB,3.0,0.0,17.0,78.0,0.0,3.0,40.0,2.4,38.0,2.2,0.0,,2023-08-28
2022,Brandon Powell,PoweBr00,LA,27.0,WR,17.0,6.0,17.0,80.0,0.0,6.0,51.0,3.0,29.0,1.7,0.0,,2023-08-28
2022,KeShawn Vaughn,VaugKe00,TB,25.0,RB,15.0,0.0,17.0,53.0,0.0,3.0,41.0,2.4,12.0,0.7,1.0,17.0,2023-08-28
2022,Zamir White,WhitZa01,LV,23.0,RB,14.0,0.0,17.0,70.0,0.0,4.0,39.0,2.3,31.0,1.8,0.0,,2023-08-28
2022,Trey Lance,LancTr00,SF,22.0,QB,2.0,2.0,16.0,67.0,0.0,7.0,50.0,3.1,17.0,1.1,2.0,8.0,2023-08-28
2022,Marlon Mack,MackMa00,2TM,26.0,,8.0,0.0,16.0,84.0,1.0,4.0,61.0,3.8,23.0,1.4,2.0,8.0,2023-08-28
2022,Desmond Ridder,RiddDe00,ATL,23.0,QB,4.0,4.0,16.0,64.0,0.0,4.0,49.0,3.1,15.0,0.9,0.0,,2023-08-28
2022,Corey Clement,ClemCo00,ARI,28.0,RB,9.0,1.0,15.0,55.0,1.0,6.0,41.0,2.7,14.0,0.9,0.0,,2023-08-28
2022,Phillip Lindsay,LindPh00,IND,28.0,RB,3.0,0.0,15.0,49.0,0.0,1.0,30.0,2.0,19.0,1.3,0.0,,2023-08-28
2022,Trace McSorley,McSoTr00,ARI,27.0,QB,6.0,1.0,15.0,61.0,0.0,3.0,56.0,3.7,5.0,0.3,0.0,,2023-08-28
2022,Darrynton Evans,EvanDa02,CHI,24.0,RB,6.0,0.0,14.0,64.0,0.0,3.0,37.0,2.6,27.0,1.9,0.0,,2023-08-28
2022,Colt McCoy,McCoCo00,ARI,36.0,QB,4.0,3.0,14.0,36.0,0.0,5.0,16.0,1.1,20.0,1.4,1.0,14.0,2023-08-28
2022,Jarrett Stidham,StidJa00,LV,26.0,QB,5.0,2.0,14.0,84.0,0.0,7.0,79.0,5.6,5.0,0.4,0.0,,2023-08-28
2022,Skylar Thompson,ThomSk00,MIA,25.0,QB,7.0,2.0,14.0,21.0,0.0,1.0,20.0,1.4,1.0,0.1,0.0,,2023-08-28
2022,Larry Rountree,RounLa00,LAC,23.0,RB,4.0,0.0,13.0,19.0,0.0,0.0,9.0,0.7,10.0,0.8,0.0,,2023-08-28
2022,Steven Sims,SimsSt00,PIT,25.0,WR,12.0,2.0,13.0,70.0,0.0,5.0,65.0,5.0,5.0,0.4,0.0,,2023-08-28
2022,Matthew Stafford,StafMa00,LA,34.0,QB,9.0,9.0,13.0,9.0,1.0,3.0,3.0,0.2,6.0,0.5,1.0,13.0,2023-08-28
2022,Jordan Wilkins,WilkJo01,IND,28.0,RB,4.0,0.0,13.0,58.0,0.0,2.0,41.0,3.2,17.0,1.3,0.0,,2023-08-28
2022,Jamal Agnew,AgneJa00,JAX,27.0,WR,15.0,0.0,12.0,86.0,0.0,6.0,80.0,6.7,6.0,0.5,1.0,12.0,2023-08-28
2022,Salvon Ahmed,AhmeSa01,MIA,24.0,RB,12.0,0.0,12.0,64.0,1.0,4.0,37.0,3.1,27.0,2.3,1.0,12.0,2023-08-28
2022,Tevin Coleman,ColeTe01,SF,29.0,RB,5.0,0.0,12.0,26.0,1.0,2.0,13.0,1.1,13.0,1.1,0.0,,2023-08-28
2022,Snoop Conner,ConnSn00,JAX,22.0,RB,8.0,0.0,12.0,42.0,1.0,2.0,31.0,2.6,11.0,0.9,0.0,,2023-08-28
2022,Devin Duvernay,DuveDe00,BAL,25.0,WR,14.0,13.0,12.0,84.0,1.0,7.0,75.0,6.3,9.0,0.8,0.0,,2023-08-28
2022,David Johnson,JohnDa08,NO,31.0,RB,5.0,0.0,12.0,24.0,0.0,0.0,6.0,0.5,18.0,1.5,0.0,,2023-08-28
2022,Dwayne Washington,WashDw00,NO,28.0,RB,12.0,0.0,11.0,38.0,0.0,2.0,17.0,1.5,21.0,1.9,1.0,11.0,2023-08-28
2022,Myles Gaskin,GaskMy00,MIA,25.0,RB,4.0,0.0,10.0,26.0,0.0,2.0,14.0,1.4,12.0,1.2,0.0,,2023-08-28
2022,Tony Jones,JoneTo04,2TM,25.0,RB,6.0,0.0,10.0,24.0,0.0,3.0,12.0,1.2,12.0,1.2,1.0,10.0,2023-08-28
2022,CeeDee Lamb,LambCe00,DAL,23.0,WR,17.0,17.0,10.0,47.0,0.0,3.0,36.0,3.6,11.0,1.1,1.0,10.0,2023-08-28
2022,DJ Moore,MoorD.00,CAR,25.0,WR,17.0,17.0,10.0,53.0,0.0,3.0,37.0,3.7,16.0,1.6,0.0,,2023-08-28
2022,Pierre Strong,StroPi00,NE,24.0,RB,15.0,0.0,10.0,100.0,1.0,5.0,81.0,8.1,19.0,1.9,0.0,,2023-08-28
2022,JJ Taylor,TaylJJ01,NE,24.0,RB,1.0,0.0,10.0,9.0,0.0,,4.0,0.4,5.0,0.5,1.0,10.0,2023-08-28
2022,Patrick Taylor,TaylPa01,GB,24.0,RB,14.0,0.0,10.0,31.0,0.0,2.0,13.0,1.3,18.0,1.8,0.0,,2023-08-28
2022,Bailey Zappe,ZappBa00,NE,23.0,QB,4.0,2.0,10.0,0.0,0.0,0.0,0.0,0.0,0.0,0.0,0.0,,2023-08-28
2022,Tutu Atwell,AtweTu00,LA,23.0,WR,13.0,4.0,9.0,34.0,1.0,2.0,25.0,2.8,9.0,1.0,0.0,,2023-08-28
2022,Braxton Berrios,BerrBr00,NYJ,27.0,WR,17.0,2.0,9.0,91.0,2.0,5.0,72.0,8.0,19.0,2.1,0.0,,2023-08-28
2022,Spencer Brown,BrowSp01,CAR,24.0,RB,2.0,0.0,9.0,43.0,0.0,1.0,32.0,3.6,11.0,1.2,0.0,,2023-08-28
2022,Julius Chestnut,ChesJu00,TEN,22.0,RB,6.0,0.0,9.0,12.0,0.0,1.0,5.0,0.6,7.0,0.8,1.0,9.0,2023-08-28
2022,Chase Claypool,ClayCh01,2TM,24.0,WR,15.0,11.0,9.0,59.0,0.0,3.0,45.0,5.0,14.0,1.6,0.0,,2023-08-28
2022,Velus Jones,JoneVe00,CHI,25.0,WR,12.0,2.0,9.0,103.0,1.0,5.0,66.0,7.3,37.0,4.1,1.0,9.0,2023-08-28
2022,Cooper Kupp,KuppCo00,LA,29.0,WR,9.0,9.0,9.0,52.0,1.0,4.0,44.0,4.9,8.0,0.9,0.0,,2023-08-28
2022,Isaiah McKenzie,McKeIs00,BUF,27.0,WR,15.0,8.0,9.0,55.0,1.0,3.0,47.0,5.2,8.0,0.9,0.0,,2023-08-28
2022,Kene Nwangwu,NwanKe00,MIN,24.0,RB,17.0,0.0,9.0,14.0,0.0,1.0,4.0,0.4,10.0,1.1,0.0,,2023-08-28
2022,Ronnie Rivers,RiveRo01,LA,23.0,RB,8.0,1.0,9.0,21.0,0.0,1.0,16.0,1.8,5.0,0.6,0.0,,2023-08-28
2022,Cooper Rush,RushCo00,DAL,29.0,QB,9.0,5.0,9.0,6.0,0.0,1.0,6.0,0.7,0.0,0.0,0.0,,2023-08-28
2022,Laviska Shenault,ShenLa00,CAR,24.0,WR,13.0,4.0,9.0,65.0,1.0,1.0,61.0,6.8,4.0,0.4,0.0,,2023-08-28
2022,Amon-Ra St Brown,StxxAm00,DET,23.0,WR,16.0,16.0,9.0,95.0,0.0,3.0,80.0,8.9,15.0,1.7,0.0,,2023-08-28
2022,Chris Streveler,StreCh00,NYJ,27.0,QB,2.0,1.0,9.0,54.0,0.0,1.0,42.0,4.7,12.0,1.3,0.0,,2023-08-28
2022,Derek Watt,WattDe00,PIT,30.0,FB,17.0,3.0,9.0,21.0,1.0,8.0,12.0,1.3,9.0,1.0,0.0,,2023-08-28
2022,Giovani Bernard,BernGi00,TB,31.0,RB,8.0,0.0,8.0,28.0,0.0,,26.0,3.3,2.0,0.3,0.0,,2023-08-28
2022,Mike Davis,DaviMi01,BAL,29.0,RB,8.0,0.0,8.0,18.0,0.0,1.0,13.0,1.6,5.0,0.6,1.0,8.0,2023-08-28
2022,Joshua Dobbs,DobbJo00,TEN,27.0,QB,2.0,2.0,8.0,44.0,0.0,4.0,37.0,4.6,7.0,0.9,0.0,,2023-08-28
2022,Jerome Ford,FordJe00,CLE,23.0,RB,13.0,0.0,8.0,12.0,0.0,1.0,-1.0,-0.1,13.0,1.6,0.0,,2023-08-28
2022,Gunner Olszewski,OlszGu00,PIT,26.0,WR,16.0,2.0,8.0,39.0,0.0,3.0,25.0,3.1,14.0,1.8,0.0,,2023-08-28
2022,John Wolford,WolfJo00,LA,27.0,QB,3.0,3.0,8.0,32.0,0.0,2.0,25.0,3.1,7.0,0.9,0.0,,2023-08-28
2022,Greg Dortch,DortGr01,ARI,24.0,WR,16.0,4.0,7.0,44.0,0.0,3.0,28.0,4.0,16.0,2.3,0.0,,2023-08-28
2022,Tyreek Hill,HillTy00,MIA,28.0,WR,17.0,17.0,7.0,32.0,1.0,3.0,26.0,3.7,6.0,0.9,1.0,7.0,2023-08-28
2022,Diontae Johnson,JohnDi01,PIT,26.0,WR,17.0,17.0,7.0,25.0,0.0,1.0,19.0,2.7,6.0,0.9,0.0,,2023-08-28
2022,Kyle Juszczyk,JuszKy00,SF,31.0,FB,16.0,12.0,7.0,26.0,1.0,5.0,12.0,1.7,14.0,2.0,0.0,,2023-08-28
2022,Terry McLaurin,McLaTe00,WAS,27.0,WR,17.0,17.0,7.0,29.0,0.0,2.0,23.0,3.3,6.0,0.9,0.0,,2023-08-28
2022,Gardner Minshew,MinsGa00,PHI,26.0,QB,5.0,2.0,7.0,3.0,1.0,1.0,3.0,0.4,0.0,0.0,0.0,,2023-08-28
2022,Kalif Raymond,RaymKa00,DET,28.0,WR,17.0,7.0,7.0,36.0,0.0,4.0,24.0,3.4,12.0,1.7,0.0,,2023-08-28
2022,Patrick Ricard,RicaPa00,BAL,28.0,FB,17.0,16.0,7.0,16.0,0.0,5.0,7.0,1.0,9.0,1.3,0.0,,2023-08-28
2022,Kadarius Toney,ToneKa00,2TM,23.0,WR,9.0,4.0,7.0,82.0,1.0,5.0,55.0,7.9,27.0,3.9,1.0,7.0,2023-08-28
2022,Christian Watson,WatsCh00,GB,23.0,WR,14.0,11.0,7.0,80.0,2.0,2.0,77.0,11.0,3.0,0.4,0.0,,2023-08-28
2022,Kyle Allen,AlleKy00,HOU,26.0,QB,2.0,2.0,6.0,13.0,0.0,2.0,12.0,2.0,1.0,0.2,0.0,,2023-08-28
2022,Kendrick Bourne,BourKe00,NE,27.0,WR,16.0,2.0,6.0,39.0,0.0,2.0,25.0,4.2,14.0,2.3,2.0,3.0,2023-08-28
2022,Ty Chandler,ChanTy01,MIN,24.0,RB,3.0,0.0,6.0,20.0,0.0,1.0,8.0,1.3,12.0,2.0,0.0,,2023-08-28
2022,Alec Ingold,IngoAl01,MIA,26.0,FB,17.0,14.0,6.0,8.0,1.0,5.0,3.0,0.5,5.0,0.8,0.0,,2023-08-28
2022,Anthony McFarland,McFaAn00,PIT,23.0,RB,1.0,0.0,6.0,30.0,0.0,3.0,16.0,2.7,14.0,2.3,1.0,6.0,2023-08-28
2022,Rondale Moore,MoorRo02,ARI,22.0,WR,8.0,8.0,6.0,-5.0,0.0,1.0,-7.0,-1.2,2.0,0.3,0.0,,2023-08-28
2022,Brett Rypien,RypiBr00,DEN,26.0,QB,4.0,2.0,6.0,7.0,0.0,2.0,6.0,1.0,1.0,0.2,0.0,,2023-08-28
2022,Equanimeous St Brown,St.BEq00,CHI,26.0,WR,16.0,16.0,6.0,54.0,0.0,2.0,42.0,7.0,12.0,2.0,0.0,,2023-08-28
2022,PJ Walker,WalkPh00,CAR,27.0,QB,6.0,5.0,6.0,39.0,0.0,3.0,28.0,4.7,11.0,1.8,1.0,6.0,2023-08-28
2022,Davis Webb,WebbDa00,NYG,27.0,QB,1.0,1.0,6.0,41.0,1.0,2.0,41.0,6.8,0.0,0.0,0.0,,2023-08-28
2022,Mike White,WhitMi01,NYJ,27.0,QB,4.0,4.0,6.0,9.0,1.0,3.0,7.0,1.2,2.0,0.3,0.0,,2023-08-28
2022,Trayveon Williams,WillTr06,CIN,25.0,RB,8.0,0.0,6.0,30.0,0.0,1.0,9.0,1.5,21.0,3.5,1.0,6.0,2023-08-28
2022,Michael Burton,BurtMi00,KC,30.0,FB,17.0,0.0,5.0,7.0,0.0,2.0,4.0,0.8,3.0,0.6,0.0,,2023-08-28
2022,Parris Campbell,CampPa00,IND,25.0,WR,17.0,16.0,5.0,58.0,0.0,2.0,41.0,8.2,17.0,3.4,0.0,,2023-08-28
2022,JaMarr Chase,ChasJa00,CIN,22.0,WR,12.0,12.0,5.0,8.0,0.0,0.0,6.0,1.2,2.0,0.4,0.0,,2023-08-28
2022,Chad Henne,HennCh01,KC,37.0,QB,3.0,0.0,5.0,-5.0,0.0,,-5.0,-1.0,0.0,0.0,0.0,,2023-08-28
2022,Sam Howell,HoweSa00,WAS,22.0,QB,1.0,1.0,5.0,35.0,1.0,4.0,30.0,6.0,5.0,1.0,0.0,,2023-08-28
2022,Julio Jones,JoneJu02,TB,33.0,WR,10.0,5.0,5.0,45.0,0.0,4.0,38.0,7.6,7.0,1.4,0.0,,2023-08-28
2022,Case Keenum,KeenCa00,BUF,34.0,QB,2.0,0.0,5.0,0.0,0.0,,0.0,0.0,0.0,0.0,0.0,,2023-08-28
2022,Christian Kirk,KirkCh01,JAX,26.0,WR,17.0,17.0,5.0,11.0,0.0,0.0,4.0,0.8,7.0,1.4,1.0,5.0,2023-08-28
2022,Elijah Moore,MoorEl00,NYJ,22.0,WR,16.0,9.0,5.0,5.0,0.0,2.0,-4.0,-0.8,9.0,1.8,0.0,,2023-08-28
2022,Nate Sudfeld,SudfNa00,DET,29.0,QB,2.0,0.0,5.0,-4.0,0.0,,-4.0,-0.8,0.0,0.0,0.0,,2023-08-28
2022,Tyrod Taylor,TaylTy00,NYG,33.0,QB,3.0,0.0,5.0,70.0,0.0,5.0,64.0,12.8,6.0,1.2,0.0,,2023-08-28
2022,Jonathan Ward,WardJo00,2TM,25.0,,8.0,0.0,5.0,25.0,0.0,2.0,16.0,3.2,9.0,1.8,0.0,,2023-08-28
2022,Montrell Washington,WashMo00,DEN,23.0,WR,15.0,1.0,5.0,30.0,0.0,,10.0,2.0,20.0,4.0,2.0,2.5,2023-08-28
2022,Jameis Winston,WinsJa00,NO,28.0,QB,3.0,3.0,5.0,16.0,0.0,0.0,7.0,1.4,9.0,1.8,0.0,,2023-08-28
2022,Ameer Abdullah,AbduAm00,LV,29.0,RB,17.0,0.0,4.0,20.0,0.0,2.0,13.0,3.3,7.0,1.8,0.0,,2023-08-28
2022,CJ Beathard,BeatC.00,JAX,29.0,QB,4.0,0.0,4.0,-4.0,0.0,0.0,-4.0,-1.0,0.0,0.0,0.0,,2023-08-28
2022,David Blough,BlouDa00,ARI,27.0,QB,2.0,2.0,4.0,5.0,0.0,0.0,5.0,1.3,0.0,0.0,0.0,,2023-08-28
2022,Treylon Burks,BurkTr00,TEN,22.0,WR,11.0,6.0,4.0,47.0,0.0,3.0,32.0,8.0,15.0,3.8,0.0,,2023-08-28
2022,Pharoh Cooper,CoopPh00,ARI,27.0,WR,5.0,1.0,4.0,15.0,0.0,,12.0,3.0,3.0,0.8,1.0,4.0,2023-08-28
2022,CJ Ham,HamxC.00,MIN,29.0,FB,17.0,4.0,4.0,7.0,2.0,3.0,5.0,1.3,2.0,0.5,0.0,,2023-08-28
2022,Mecole Hardman,HardMe00,KC,24.0,WR,8.0,5.0,4.0,31.0,2.0,3.0,27.0,6.8,4.0,1.0,1.0,4.0,2023-08-28
2022,Mack Hollins,HollMa00,LV,29.0,WR,17.0,16.0,4.0,40.0,0.0,2.0,38.0,9.5,2.0,0.5,0.0,,2023-08-28
2022,Zander Horvath,HorvZa00,LAC,24.0,FB,15.0,2.0,4.0,8.0,0.0,2.0,6.0,1.5,2.0,0.5,0.0,,2023-08-28
2022,Justin Jefferson,JeffJu00,MIN,23.0,WR,17.0,17.0,4.0,24.0,1.0,2.0,21.0,5.3,3.0,0.8,0.0,,2023-08-28
2022,Jerry Jeudy,JeudJe00,DEN,23.0,WR,15.0,14.0,4.0,40.0,0.0,4.0,35.0,8.8,5.0,1.3,0.0,,2023-08-28
2022,DErnest Johnson,JohnDE04,CLE,26.0,RB,15.0,0.0,4.0,17.0,0.0,1.0,5.0,1.3,12.0,3.0,0.0,,2023-08-28
2022,Zay Jones,JoneZa00,JAX,27.0,WR,16.0,15.0,4.0,18.0,0.0,1.0,16.0,4.0,2.0,0.5,0.0,,2023-08-28
2022,Ray-Ray McCloud,McClRa00,SF,26.0,WR,17.0,2.0,4.0,78.0,1.0,1.0,76.0,19.0,2.0,0.5,0.0,,2023-08-28
2022,Nick Mullens,MullNi00,MIN,27.0,QB,4.0,0.0,4.0,8.0,0.0,1.0,7.0,1.8,1.0,0.3,0.0,,2023-08-28
2022,Adam Prentice,PrenAd00,NO,25.0,FB,11.0,2.0,4.0,9.0,0.0,3.0,3.0,0.8,6.0,1.5,0.0,,2023-08-28
2022,Jalen Reagor,ReagJa00,MIN,23.0,WR,17.0,0.0,4.0,25.0,0.0,1.0,21.0,5.3,4.0,1.0,0.0,,2023-08-28
2022,Anthony Schwartz,SchwAn00,CLE,22.0,WR,11.0,1.0,4.0,57.0,1.0,2.0,55.0,13.8,2.0,0.5,0.0,,2023-08-28
2022,Rashid Shaheed,ShahRa00,NO,24.0,WR,12.0,6.0,4.0,57.0,1.0,2.0,41.0,10.3,16.0,4.0,1.0,4.0,2023-08-28
2022,Trevor Siemian,SiemTr00,CHI,31.0,QB,2.0,1.0,4.0,8.0,0.0,1.0,8.0,2.0,0.0,0.0,0.0,,2023-08-28
2022,Trent Taylor,TaylTr02,CIN,28.0,WR,16.0,1.0,4.0,15.0,0.0,0.0,12.0,3.0,3.0,0.8,1.0,4.0,2023-08-28
2022,DJ Turner,TurnDJ00,LV,25.0,WR,9.0,0.0,4.0,26.0,0.0,1.0,7.0,1.8,19.0,4.8,0.0,,2023-08-28
2022,Garrett Wilson,WilsGa00,NYJ,22.0,WR,17.0,12.0,4.0,4.0,0.0,0.0,4.0,1.0,0.0,0.0,0.0,,2023-08-28
2022,Davante Adams,AdamDa01,LV,30.0,WR,17.0,17.0,3.0,-1.0,0.0,0.0,-1.0,-0.3,0.0,0.0,1.0,3.0,2023-08-28
2022,Brandon Allen,AlleBr00,CIN,30.0,QB,1.0,0.0,3.0,-1.0,0.0,1.0,-1.0,-0.3,0.0,0.0,0.0,,2023-08-28
2022,Mark Andrews,AndrMa00,BAL,27.0,TE,15.0,15.0,3.0,8.0,0.0,3.0,4.0,1.3,4.0,1.3,0.0,,2023-08-28
2022,Reggie Bonnafon,BonnRe00,WAS,26.0,RB,1.0,0.0,3.0,8.0,0.0,,5.0,1.7,3.0,1.0,0.0,,2023-08-28
2022,Teddy Bridgewater,BridTe00,MIA,30.0,QB,5.0,2.0,3.0,27.0,0.0,2.0,25.0,8.3,2.0,0.7,0.0,,2023-08-28
2022,Anthony Brown,BrowAn06,BAL,24.0,QB,2.0,1.0,3.0,-5.0,0.0,0.0,-5.0,-1.7,0.0,0.0,0.0,,2023-08-28
2022,Joe Flacco,FlacJo00,NYJ,37.0,QB,5.0,4.0,3.0,6.0,0.0,1.0,6.0,2.0,0.0,0.0,0.0,,2023-08-28
2022,Chris Godwin,GodwCh00,TB,26.0,WR,15.0,13.0,3.0,5.0,0.0,0.0,4.0,1.3,1.0,0.3,0.0,,2023-08-28
2022,Godwin Igwebuike,IgweGo00,SEA,28.0,RB,5.0,0.0,3.0,4.0,0.0,,4.0,1.3,0.0,0.0,0.0,,2023-08-28
2022,Chris Moore,MoorCh00,HOU,29.0,WR,16.0,7.0,3.0,3.0,0.0,0.0,2.0,0.7,1.0,0.3,0.0,,2023-08-28
2022,Skyy Moore,MoorSk01,KC,22.0,WR,16.0,3.0,3.0,24.0,0.0,1.0,21.0,7.0,3.0,1.0,0.0,,2023-08-28
2022,Chigoziem Okonkwo,OkonCh00,TEN,23.0,TE,17.0,8.0,3.0,2.0,0.0,0.0,0.0,0.0,2.0,0.7,0.0,,2023-08-28
2022,KJ Osborn,OsboKJ00,MIN,25.0,WR,17.0,9.0,3.0,6.0,0.0,2.0,2.0,0.7,4.0,1.3,1.0,3.0,2023-08-28
2022,Devine Ozigbo,OzigDe01,DEN,26.0,RB,4.0,0.0,3.0,4.0,0.0,,2.0,0.7,2.0,0.7,0.0,,2023-08-28
2022,George Pickens,PickGe00,PIT,21.0,WR,17.0,12.0,3.0,24.0,1.0,2.0,20.0,6.7,4.0,1.3,0.0,,2023-08-28
2022,Michael Pittman,PittMi01,IND,25.0,WR,16.0,16.0,3.0,30.0,0.0,2.0,24.0,8.0,6.0,2.0,0.0,,2023-08-28
2022,Tyquan Thornton,ThorTy00,NE,22.0,WR,13.0,9.0,3.0,16.0,1.0,1.0,16.0,5.3,0.0,0.0,0.0,,2023-08-28
2022,KaVontae Turpin,TurpKa00,DAL,26.0,WR,17.0,0.0,3.0,17.0,0.0,1.0,17.0,5.7,0.0,0.0,0.0,,2023-08-28
2022,Jaylen Waddle,WaddJa00,MIA,24.0,WR,17.0,17.0,3.0,26.0,0.0,0.0,16.0,5.3,10.0,3.3,0.0,,2023-08-28
2022,Quez Watkins,WatkQu00,PHI,24.0,WR,17.0,8.0,3.0,1.0,0.0,0.0,1.0,0.3,0.0,0.0,0.0,,2023-08-28
2022,Brandon Aiyuk,AiyuBr00,SF,24.0,WR,17.0,17.0,2.0,23.0,0.0,1.0,15.0,7.5,8.0,4.0,0.0,,2023-08-28
2022,Andrew Beck,BeckAn01,DEN,26.0,FB,13.0,4.0,2.0,0.0,0.0,0.0,-1.0,-0.5,1.0,0.5,0.0,,2023-08-28
2022,Tim Boyle,BoylTi00,CHI,28.0,QB,1.0,0.0,2.0,-2.0,0.0,0.0,-2.0,-1.0,0.0,0.0,0.0,,2023-08-28
2022,DeAndre Carter,CartDe02,LAC,29.0,WR,17.0,7.0,2.0,-15.0,0.0,0.0,-15.0,-7.5,0.0,0.0,0.0,,2023-08-28
2022,Tyler Conklin,ConkTy00,NYJ,27.0,TE,17.0,16.0,2.0,3.0,0.0,2.0,2.0,1.0,1.0,0.5,0.0,,2023-08-28
2022,Brandin Cooks,CookBr00,HOU,29.0,WR,13.0,13.0,2.0,7.0,0.0,0.0,7.0,3.5,0.0,0.0,0.0,,2023-08-28
2022,Michael Dickson,DickMi00,SEA,26.0,P,17.0,0.0,2.0,-18.0,0.0,,-18.0,-9.0,0.0,0.0,0.0,,2023-08-28
2022,Jahan Dotson,DotsJa00,WAS,22.0,WR,12.0,10.0,2.0,-7.0,0.0,0.0,-8.0,-4.0,1.0,0.5,0.0,,2023-08-28
2022,Ashton Dulin,DuliAs00,IND,25.0,WR,12.0,2.0,2.0,8.0,0.0,1.0,6.0,3.0,2.0,1.0,0.0,,2023-08-28
2022,Evan Engram,EngrEv00,JAX,28.0,TE,17.0,14.0,2.0,13.0,0.0,1.0,13.0,6.5,0.0,0.0,0.0,,2023-08-28
2022,DWayne Eskridge,EskrDW00,SEA,25.0,WR,10.0,0.0,2.0,10.0,0.0,0.0,9.0,4.5,1.0,0.5,0.0,,2023-08-28
2022,Nick Foles,FoleNi00,IND,33.0,QB,3.0,2.0,2.0,8.0,0.0,0.0,8.0,4.0,0.0,0.0,0.0,,2023-08-28
2022,Jamie Gillan,GillJa00,NYG,25.0,P,17.0,0.0,2.0,-3.0,0.0,,-3.0,-1.5,0.0,0.0,0.0,,2023-08-28
2022,Marquise Goodwin,GoodMa00,SEA,32.0,WR,13.0,2.0,2.0,5.0,0.0,0.0,5.0,2.5,0.0,0.0,0.0,,2023-08-28
2022,KJ Hamler,HamlKJ00,DEN,23.0,WR,7.0,0.0,2.0,23.0,0.0,1.0,13.0,6.5,10.0,5.0,1.0,2.0,2023-08-28
2022,Connor Heyward,HeywCo00,PIT,23.0,TE,17.0,0.0,2.0,27.0,0.0,2.0,24.0,12.0,3.0,1.5,0.0,,2023-08-28
2022,Kendall Hinton,HintKe00,DEN,25.0,WR,12.0,5.0,2.0,13.0,0.0,1.0,13.0,6.5,0.0,0.0,0.0,,2023-08-28
2022,Richie James,JameRi00,NYG,27.0,WR,17.0,4.0,2.0,6.0,0.0,0.0,2.0,1.0,4.0,2.0,1.0,2.0,2023-08-28
2022,Duke Johnson,JohnDu00,BUF,29.0,RB,1.0,0.0,2.0,4.0,0.0,1.0,1.0,0.5,3.0,1.5,0.0,,2023-08-28
2022,Josh Johnson,JohnJo05,SF,36.0,QB,2.0,0.0,2.0,3.0,0.0,0.0,-1.0,-0.5,4.0,2.0,0.0,,2023-08-28
2022,Travis Kelce,KelcTr00,KC,33.0,TE,17.0,17.0,2.0,5.0,0.0,1.0,1.0,0.5,4.0,2.0,0.0,,2023-08-28
2022,Cole Kmet,KmetCo00,CHI,23.0,TE,17.0,17.0,2.0,9.0,0.0,1.0,9.0,4.5,0.0,0.0,0.0,,2023-08-28
2022,Allen Lazard,LazaAl00,GB,27.0,WR,15.0,15.0,2.0,0.0,0.0,0.0,-1.0,-0.5,1.0,0.5,0.0,,2023-08-28
2022,Jakobi Meyers,MeyeJa01,NE,26.0,WR,14.0,13.0,2.0,-11.0,0.0,2.0,-15.0,-7.5,4.0,2.0,0.0,,2023-08-28
2022,Ty Montgomery,MontTy01,NE,29.0,WR,1.0,0.0,2.0,-2.0,0.0,0.0,-2.0,-1.0,0.0,0.0,0.0,,2023-08-28
2022,CJ Moore,MoorCJ01,DET,27.0,S,11.0,0.0,2.0,55.0,0.0,2.0,55.0,27.5,0.0,0.0,0.0,,2023-08-28
2022,David Njoku,NjokDa00,CLE,26.0,TE,14.0,14.0,2.0,-8.0,0.0,0.0,-8.0,-4.0,0.0,0.0,0.0,,2023-08-28
2022,Breshad Perriman,PerrBr02,TB,29.0,WR,11.0,3.0,2.0,-7.0,0.0,0.0,-7.0,-3.5,0.0,0.0,0.0,,2023-08-28
2022,Nathan Peterman,PeteNa00,CHI,28.0,QB,3.0,1.0,2.0,7.0,0.0,0.0,6.0,3.0,1.0,0.5,0.0,,2023-08-28
2022,Dante Pettis,PettDa00,CHI,27.0,WR,17.0,7.0,2.0,37.0,0.0,2.0,37.0,18.5,0.0,0.0,0.0,,2023-08-28
2022,WanDale Robinson,RobiWa01,NYG,21.0,WR,6.0,3.0,2.0,-1.0,0.0,0.0,-1.0,-0.5,0.0,0.0,0.0,,2023-08-28
2022,Amari Rodgers,RodgAm00,2TM,23.0,,16.0,1.0,2.0,7.0,0.0,0.0,7.0,3.5,0.0,0.0,0.0,,2023-08-28
2022,Armani Rogers,RogeAr00,WAS,25.0,TE,11.0,3.0,2.0,26.0,0.0,1.0,1.0,0.5,25.0,12.5,0.0,,2023-08-28
2022,Trey Sermon,SermTr00,PHI,23.0,RB,2.0,0.0,2.0,19.0,0.0,2.0,10.0,5.0,9.0,4.5,0.0,,2023-08-28
2022,Durham Smythe,SmytDu00,MIA,27.0,TE,16.0,15.0,2.0,1.0,1.0,1.0,0.0,0.0,1.0,0.5,0.0,,2023-08-28
2022,Deven Thompkins,ThomDe07,TB,23.0,WR,5.0,1.0,2.0,26.0,0.0,1.0,22.0,11.0,4.0,2.0,0.0,,2023-08-28
2022,Damien Williams,WillDa05,ATL,30.0,RB,1.0,1.0,2.0,2.0,0.0,,0.0,0.0,2.0,1.0,0.0,,2023-08-28
2022,Olamide Zaccheaus,ZaccOl01,ATL,25.0,WR,17.0,13.0,2.0,7.0,0.0,1.0,-6.0,-3.0,13.0,6.5,0.0,,2023-08-28
2022,Keenan Allen,AlleKe00,LAC,30.0,WR,10.0,10.0,1.0,8.0,0.0,1.0,6.0,6.0,2.0,2.0,0.0,,2023-08-28
2022,Marcus Allen,AlleMa03,PIT,26.0,LB,15.0,0.0,1.0,4.0,0.0,1.0,4.0,4.0,0.0,0.0,0.0,,2023-08-28
2022,Bryan Anger,AngeBr00,DAL,34.0,P,17.0,0.0,1.0,0.0,0.0,,0.0,0.0,0.0,0.0,0.0,,2023-08-28
2022,Tyler Badie,BadiTy00,DEN,22.0,RB,1.0,0.0,1.0,0.0,0.0,0.0,0.0,0.0,0.0,0.0,0.0,,2023-08-28
2022,Daniel Bellinger,BellDa00,NYG,22.0,TE,12.0,11.0,1.0,2.0,1.0,1.0,0.0,0.0,2.0,2.0,0.0,,2023-08-28
2022,Nick Bellore,BellNi01,SEA,33.0,LB,16.0,0.0,1.0,3.0,0.0,,1.0,1.0,2.0,2.0,0.0,,2023-08-28
2022,Dyami Brown,BrowDy00,WAS,23.0,WR,15.0,0.0,1.0,15.0,0.0,1.0,15.0,15.0,0.0,0.0,0.0,,2023-08-28
2022,Marquise Brown,BrowMa04,ARI,25.0,WR,12.0,10.0,1.0,1.0,0.0,0.0,0.0,0.0,1.0,1.0,0.0,,2023-08-28
2022,Harrison Bryant,BryaHa00,CLE,24.0,TE,17.0,9.0,1.0,8.0,0.0,1.0,6.0,6.0,2.0,2.0,0.0,,2023-08-28
2022,Jason Cabinda,CabiJa00,DET,26.0,FB,8.0,2.0,1.0,4.0,0.0,1.0,4.0,4.0,0.0,0.0,0.0,,2023-08-28
2022,Sean Chandler,ChanSe00,CAR,26.0,S,17.0,0.0,1.0,2.0,0.0,1.0,0.0,0.0,2.0,2.0,0.0,,2023-08-28
2022,Chase Daniel,DaniCh00,LAC,36.0,QB,4.0,0.0,1.0,4.0,0.0,0.0,4.0,4.0,0.0,0.0,0.0,,2023-08-28
2022,Jaelon Darden,DardJa00,2TM,23.0,,14.0,0.0,1.0,2.0,0.0,0.0,2.0,2.0,0.0,0.0,0.0,,2023-08-28
2022,Ashtyn Davis,DaviAs00,NYJ,26.0,S,14.0,0.0,1.0,2.0,0.0,1.0,1.0,1.0,1.0,1.0,0.0,,2023-08-28
2022,Stefon Diggs,DiggSt00,BUF,29.0,WR,16.0,16.0,1.0,-3.0,0.0,0.0,-3.0,-3.0,0.0,0.0,0.0,,2023-08-28
2022,Romeo Doubs,DoubRo00,GB,22.0,WR,13.0,7.0,1.0,11.0,0.0,1.0,11.0,11.0,0.0,0.0,0.0,,2023-08-28
2022,Gerald Everett,EverGe00,LAC,28.0,TE,16.0,11.0,1.0,0.0,0.0,0.0,0.0,0.0,0.0,0.0,0.0,,2023-08-28
2022,Matthias Farley,FarlMa00,LV,30.0,S,17.0,0.0,1.0,-3.0,0.0,,-3.0,-3.0,0.0,0.0,0.0,,2023-08-28
2022,Clayton Fejedelem,FejeCl00,MIA,29.0,S,13.0,0.0,1.0,0.0,0.0,,0.0,0.0,0.0,0.0,0.0,,2023-08-28
2022,Demetric Felton,FeltDe00,CLE,24.0,RB,8.0,2.0,1.0,-4.0,0.0,,-4.0,-4.0,0.0,0.0,0.0,,2023-08-28
2022,Feleipe Franks,FranFe00,ATL,25.0,TE,11.0,1.0,1.0,0.0,0.0,,0.0,0.0,0.0,0.0,0.0,,2023-08-28
2022,Kylen Granson,GranKy00,IND,24.0,TE,13.0,4.0,1.0,0.0,0.0,0.0,0.0,0.0,0.0,0.0,0.0,,2023-08-28
2022,Danny Gray,GrayDa02,SF,23.0,WR,13.0,0.0,1.0,9.0,0.0,0.0,2.0,2.0,7.0,7.0,0.0,,2023-08-28
2022,Noah Gray,GrayNo00,KC,23.0,TE,17.0,8.0,1.0,1.0,1.0,1.0,1.0,1.0,0.0,0.0,0.0,,2023-08-28
2022,Peyton Hendershot,HendPe01,DAL,23.0,TE,17.0,2.0,1.0,2.0,1.0,1.0,2.0,2.0,0.0,0.0,0.0,,2023-08-28
2022,Kylin Hill,HillKy00,GB,24.0,RB,2.0,0.0,1.0,7.0,0.0,1.0,2.0,2.0,5.0,5.0,0.0,,2023-08-28
2022,Jordan Howard,HowaJo00,NO,28.0,RB,2.0,0.0,1.0,1.0,0.0,,0.0,0.0,1.0,1.0,0.0,,2023-08-28
2022,Robert Hunt,HuntRo01,MIA,26.0,OL,17.0,17.0,1.0,0.0,0.0,,0.0,0.0,0.0,0.0,0.0,,2023-08-28
2022,Trenton Irwin,IrwiTr00,CIN,27.0,WR,9.0,2.0,1.0,11.0,0.0,1.0,8.0,8.0,3.0,3.0,0.0,,2023-08-28
2022,Andy Isabella,IsabAn00,2TM,26.0,,5.0,0.0,1.0,1.0,0.0,0.0,1.0,1.0,0.0,0.0,0.0,,2023-08-28
2022,Dallin Leavitt,LeavDa00,GB,28.0,S,17.0,0.0,1.0,0.0,0.0,,0.0,0.0,0.0,0.0,0.0,,2023-08-28
2022,Jordan Love,LoveJo03,GB,24.0,QB,4.0,0.0,1.0,-1.0,0.0,0.0,-1.0,-1.0,0.0,0.0,0.0,,2023-08-28
2022,Racey McMath,McMaRa00,TEN,23.0,WR,5.0,0.0,1.0,4.0,0.0,0.0,1.0,1.0,3.0,3.0,0.0,,2023-08-28
2022,Scott Miller,MillSc01,TB,25.0,WR,15.0,1.0,1.0,8.0,0.0,0.0,8.0,8.0,0.0,0.0,0.0,,2023-08-28
2022,Darnell Mooney,MoonDa00,CHI,25.0,WR,12.0,12.0,1.0,2.0,0.0,0.0,0.0,0.0,2.0,2.0,0.0,,2023-08-28
2022,Josh Palmer,PalmJo00,LAC,24.0,WR,16.0,11.0,1.0,4.0,0.0,1.0,1.0,1.0,3.0,3.0,0.0,,2023-08-28
2022,Zach Pascal,PascZa00,PHI,28.0,WR,17.0,2.0,1.0,0.0,0.0,0.0,0.0,0.0,0.0,0.0,0.0,,2023-08-28
2022,Donovan Peoples-Jones,PeopDo00,CLE,23.0,WR,17.0,14.0,1.0,2.0,0.0,0.0,2.0,2.0,0.0,0.0,0.0,,2023-08-28
2022,Ben Skowronek,SkowBe00,LA,25.0,WR,14.0,11.0,1.0,17.0,1.0,1.0,17.0,17.0,0.0,0.0,0.0,,2023-08-28
2022,Jonnu Smith,SmitJo01,NE,27.0,TE,14.0,8.0,1.0,5.0,0.0,1.0,5.0,5.0,0.0,0.0,0.0,,2023-08-28
2022,Keith Smith,SmitKe03,ATL,30.0,FB,17.0,6.0,1.0,2.0,0.0,1.0,0.0,0.0,2.0,2.0,0.0,,2023-08-28
2022,Ihmir Smith-Marsette,SmitIh00,2TM,23.0,,8.0,0.0,1.0,-1.0,0.0,,-1.0,-1.0,0.0,0.0,0.0,,2023-08-28
2022,MJ Stewart,StewM.00,HOU,27.0,DB,17.0,0.0,1.0,3.0,0.0,1.0,1.0,1.0,2.0,2.0,0.0,,2023-08-28
2022,Courtland Sutton,SuttCo00,DEN,27.0,WR,15.0,15.0,1.0,5.0,0.0,0.0,3.0,3.0,2.0,2.0,0.0,,2023-08-28
2022,Adam Thielen,ThieAd00,MIN,32.0,WR,17.0,17.0,1.0,4.0,0.0,0.0,3.0,3.0,1.0,1.0,0.0,,2023-08-28
2022,Marquez Valdes-Scantling,ValdMa00,KC,28.0,WR,17.0,11.0,1.0,-3.0,0.0,0.0,-3.0,-3.0,0.0,0.0,1.0,1.0,2023-08-28
2022,Jameson Williams,WillJa11,DET,21.0,WR,6.0,0.0,1.0,40.0,0.0,1.0,37.0,37.0,3.0,3.0,0.0,,2023-08-28
2022,Cedrick Wilson,WilsCe01,MIA,27.0,WR,15.0,0.0,1.0,8.0,0.0,0.0,1.0,1.0,7.0,7.0,1.0,1.0,2023-08-28
2022,Michael Woods,WoodMi00,CLE,22.0,WR,10.0,0.0,1.0,-5.0,0.0,0.0,-5.0,-5.0,0.0,0.0,0.0,,2023-08-28
